{
  "mean_naive_curve": [
    0.0,
    8.258007185122569,
    16.51109256128487,
    24.684245562130172,
    32.78980980557903,
    40.832812764158916,
    49.27288461538461,
    50.91616018596788
  ],
  "mean_htl_curve": [
    0.0,
    4.71739539306847,
    9.593557692307693,
    15.827671174978867,
    23.538686601859677,
    31.182696534234996,
    38.96332628909552,
    40.674374471682164
  ],
  "total_kernel_wins": 6,
  "total_kernel_losses": 1,
  "kernel_loss_cases": [
    {
      "kernel": "identity",
      "mean_naive_mae": 7.639604289940828,
      "mean_htl_mae": 9.808079696745562,
      "difference": 2.168475406804734
    }
  ],
  "best_win": {
    "gain": 55.57840236686391,
    "kernel": "box_blur",
    "sigma": 30,
    "image_index": 40,
    "naive_mae": 109.10059171597634,
    "htl_mae": 53.52218934911242
  },
  "smallest_win": {
    "gain": 0.019230769230766498,
    "kernel": "laplacian_4",
    "sigma": 31,
    "image_index": 51,
    "naive_mae": 41.014792899408285,
    "htl_mae": 40.99556213017752
  }
}