{
  "mean_naive_curve": [
    0.0,
    8.004666666666667,
    15.960249506903352,
    23.97779980276134,
    31.95514201183432,
    39.99124358974359,
    47.990159763313606,
    49.52431558185405
  ],
  "mean_htl_curve": [
    0.0,
    3.4793579881656806,
    7.299626232741616,
    10.975920118343197,
    14.672751479289941,
    20.04663116370809,
    22.267721893491128,
    22.947513806706116
  ],
  "total_kernel_wins": 14,
  "total_kernel_losses": 1,
  "kernel_loss_cases": [
    {
      "kernel": "center_only",
      "mean_naive_mae": 7.248792529585798,
      "mean_htl_mae": 9.273822115384615,
      "difference": 2.0250295857988165
    }
  ],
  "best_win": {
    "gain": 83.49556213017752,
    "kernel": "all_ones",
    "sigma": 31,
    "image_index": 8,
    "naive_mae": 100.32100591715977,
    "htl_mae": 16.825443786982248
  },
  "smallest_win": {
    "gain": 0.6050295857988166,
    "kernel": "x_pattern",
    "sigma": 5,
    "image_index": 51,
    "naive_mae": 7.491124260355029,
    "htl_mae": 6.886094674556213
  }
}