Uncertainty Level,Avg Error Naive,SD Error Naive,Avg Error SK,SD Error SK,Avg Error Sobo,SD Error Sobo,Avg Error Luka,SD Error Luka,Avg Error Bochvar,SD Error Bochvar,Avg Error Sette,SD Error Sette,Avg Error Gaines,SD Error Gaines
0,0.0,0.0,0.0,0.0,0.0,0.0,0.0,0.0,0.0,0.0,0.0,0.0,0.0,0.0
5,8.160270498732036,2.538064937650584,56.83835798816568,39.05732478846169,4.790553677092138,1.670830397405056,9.959949281487743,3.309055411079427,9.541318681318682,1.8409484737581856,8.89275147928994,1.7815940117100852,7.481775147928994,2.123436001829502
10,17.07050295857988,5.378548901525338,74.7933685545224,39.914408149149786,10.109987320371937,3.7925738118687327,21.54103127641589,7.1912667255745255,20.099437869822484,3.879523616972907,21.0102831783601,4.380878822201922,17.183119188503802,5.263252436115865
15,25.734247675401523,8.165384426168874,91.12602916314454,51.88238779282835,16.915126796280642,5.983331756371575,33.18599535080305,11.29330117287811,29.51883347421809,5.760184606847388,34.701914623837695,7.7857926514476175,28.438271344040576,9.13824796447756
20,34.57836432797971,11.08167041459921,103.80127430262048,58.97901504644655,25.18945054945055,8.50494132163927,44.61700549450549,15.244577512640815,38.44674978867287,8.104330603599317,48.7308875739645,11.344074009654769,40.517480980557906,13.117511167732166
25,43.081132713440404,13.732722383792453,114.54335587489436,63.38016273793055,32.909678782755705,10.69619487195268,55.009275147929,18.69502075908584,46.60461538461539,10.368560353274065,61.405781910397295,14.492905307003184,51.73615807269654,16.594893229255895
30,51.43329247675402,16.632038138021798,122.6826627218935,64.89618723826611,41.73407438715131,13.733733751843975,65.20376796280642,22.29083655294188,55.21685545224006,13.453803044507533,73.81039729501268,18.05478196326668,63.35768808114962,20.518823251115304
31,53.211128486897714,17.14690051803165,125.0436665257819,65.75721148814738,43.23996196111581,14.001747969759695,67.46202874049028,23.042063477435853,56.97730346576501,13.792153051741963,76.73835587489434,18.968150601776816,65.91143702451396,21.395081572007662
