{
  "mean_naive_curve": [
    0.0,
    8.723021978021979,
    17.492246407438714,
    25.959429416737112,
    34.441183431952666,
    42.689951394759085,
    51.17867286559594,
    53.051010143702456
  ],
  "mean_htl_curve": [
    0.0,
    9.170949915469146,
    18.323194209636515,
    27.026762468300927,
    35.43398457311918,
    42.880807269653424,
    50.48885460693153,
    52.464397717666955
  ],
  "total_kernel_wins": 4,
  "total_kernel_losses": 3,
  "kernel_loss_cases": [
    {
      "kernel": "laplacian_4",
      "mean_naive_mae": 26.068407914201185,
      "mean_htl_mae": 27.514987056213023,
      "difference": 1.4465791420118386
    },
    {
      "kernel": "laplacian_8",
      "mean_naive_mae": 42.00043823964497,
      "mean_htl_mae": 51.08005917159763,
      "difference": 9.079620931952661
    },
    {
      "kernel": "identity",
      "mean_naive_mae": 9.94125924556213,
      "mean_htl_mae": 10.975633321005917,
      "difference": 1.0343740754437878
    }
  ],
  "best_win": {
    "gain": 48.502958579881664,
    "kernel": "box_blur",
    "sigma": 20,
    "image_index": 63,
    "naive_mae": 73.68786982248521,
    "htl_mae": 25.18491124260355
  },
  "smallest_win": {
    "gain": 0.0014792899408284654,
    "kernel": "box_blur",
    "sigma": 10,
    "image_index": 28,
    "naive_mae": 26.28994082840237,
    "htl_mae": 26.28846153846154
  }
}