Uncertainty Level,Avg Error Naive,SD Error Naive,Avg Error SK,SD Error SK,Avg Error Sobo,SD Error Sobo,Avg Error Luka,SD Error Luka,Avg Error Bochvar,SD Error Bochvar,Avg Error Sette,SD Error Sette,Avg Error Gaines,SD Error Gaines
0,0.0,0.0,0.0,0.0,0.0,0.0,0.0,0.0,0.0,0.0,0.0,0.0,0.0,0.0
5,7.364431107354184,2.0720374842801523,480.38612447168214,60.4551339531333,11.800984784446323,5.013609428103687,164.14577451394757,81.89720372567028,7.4738398140321225,2.43314038033261,11.326558748943363,5.083765491979281,11.333671597633137,5.081782255266461
10,15.367095097210482,4.4088144826780695,495.7192561284869,37.44897710063593,27.232824598478444,12.67091018212774,182.7619551986475,89.32305254706425,15.66985080304311,5.987888833048797,25.6257561284869,12.967213039507286,25.885277683854607,12.881856543230287
15,23.21479289940828,6.68627740920098,500.62959657650043,28.899422200062094,41.1421665257819,19.569417041112757,198.00295160608619,96.51754012939632,23.612746830092984,8.991642226196817,38.50300845308537,20.08264691327028,38.97863186813186,19.920371319979463
20,30.928139053254437,8.990941919686524,502.3935255705833,25.227039840140833,52.301988588334744,24.693300703940103,211.73887975486056,102.22911236746857,31.388158495350805,11.457858914915432,48.869066356720204,25.4032834575308,49.50899746407439,25.17786575297642
25,38.506829247675405,11.352709255167337,502.63610397295014,22.858003190585688,61.95644632290786,29.2533040835393,224.0023666525782,106.54483530549072,38.356730346576505,13.4632531128538,57.96189602704988,30.160419857077045,58.70949154691463,29.886800506901064
30,46.1427493660186,13.65125588070268,502.49477282333055,21.459491235232388,70.38222612003382,32.88981980783379,235.55726310228235,109.79708818118563,45.40086517328825,15.581931336835341,66.01632163989856,33.93655984069652,66.84337489433643,33.629088705501445
31,47.473030431107354,14.062246305687202,502.3478387573964,21.20337144999382,71.85500887573964,33.57163905998849,237.77586115807267,110.28493014789913,46.574840236686384,15.821725356045825,67.42305367709214,34.65206834049427,68.26315426880811,34.33776207801911
