{
  "0.1": {
    "pessimistic-opti": {
      "vector_accuracy": 0.6940828402366863,
      "trit_accuracy": 0.8918639053254438,
      "sign_accuracy": 0.8918639053254438,
      "f1_score": 0.89015071764017,
      "uncertainty_rate": 0.0,
      "mse": 0.4325443786982248,
      "mae": 0.2162721893491124,
      "adder_name": "full_op_adder"
    },
    "kleene_strong": {
      "vector_accuracy": 0.586242603550296,
      "trit_accuracy": 0.7688609467455622,
      "sign_accuracy": 0.7688609467455622,
      "f1_score": 0.8651660746964126,
      "uncertainty_rate": 0.23113905325443787,
      "mse": 0.23113905325443787,
      "mae": 0.23113905325443787,
      "adder_name": "strong_kleene_full_adder"
    },
    "quasi": {
      "vector_accuracy": 0.7269230769230769,
      "trit_accuracy": 0.918639053254438,
      "sign_accuracy": 0.918639053254438,
      "f1_score": 0.919232144941305,
      "uncertainty_rate": 0.0,
      "mse": 0.3254437869822485,
      "mae": 0.16272189349112426,
      "adder_name": "map_quasi_adder"
    },
    "adder_0": {
      "vector_accuracy": 0.8124260355029584,
      "trit_accuracy": 0.9164201183431953,
      "sign_accuracy": 0.9164201183431953,
      "f1_score": 0.9168987042898831,
      "uncertainty_rate": 0.0,
      "mse": 0.33431952662721887,
      "mae": 0.16715976331360943,
      "adder_name": "full_adder"
    },
    "adder_1": {
      "vector_accuracy": 0.5903846153846155,
      "trit_accuracy": 0.7789571005917159,
      "sign_accuracy": 0.7789571005917159,
      "f1_score": 0.871409718867851,
      "uncertainty_rate": 0.22104289940828403,
      "mse": 0.22104289940828403,
      "mae": 0.22104289940828403,
      "adder_name": "full_adder"
    },
    "adder_2": {
      "vector_accuracy": 0.7572485207100591,
      "trit_accuracy": 0.897965976331361,
      "sign_accuracy": 0.897965976331361,
      "f1_score": 0.8967622504135943,
      "uncertainty_rate": 0.0,
      "mse": 0.4081360946745562,
      "mae": 0.2040680473372781,
      "adder_name": "full_adder"
    },
    "adder_3": {
      "vector_accuracy": 0.7539940828402367,
      "trit_accuracy": 0.8950443786982248,
      "sign_accuracy": 0.8950443786982248,
      "f1_score": 0.8936298036937462,
      "uncertainty_rate": 0.0,
      "mse": 0.4198224852071005,
      "mae": 0.20991124260355026,
      "adder_name": "full_adder"
    },
    "adder_4": {
      "vector_accuracy": 0.6193786982248521,
      "trit_accuracy": 0.8321005917159765,
      "sign_accuracy": 0.8321005917159765,
      "f1_score": 0.9015488234697671,
      "uncertainty_rate": 0.15965236686390533,
      "mse": 0.1926405325443787,
      "mae": 0.176146449704142,
      "adder_name": "full_adder"
    },
    "adder_5": {
      "vector_accuracy": 0.749112426035503,
      "trit_accuracy": 0.8959319526627217,
      "sign_accuracy": 0.8959319526627217,
      "f1_score": 0.8944653332445641,
      "uncertainty_rate": 0.0,
      "mse": 0.4162721893491124,
      "mae": 0.2081360946745562,
      "adder_name": "full_adder"
    }
  },
  "0.3": {
    "pessimistic-opti": {
      "vector_accuracy": 0.37544378698224856,
      "trit_accuracy": 0.7920857988165679,
      "sign_accuracy": 0.7920857988165679,
      "f1_score": 0.7849349550974972,
      "uncertainty_rate": 0.0,
      "mse": 0.8316568047337277,
      "mae": 0.41582840236686386,
      "adder_name": "full_op_adder"
    },
    "kleene_strong": {
      "vector_accuracy": 0.16819526627218934,
      "trit_accuracy": 0.45299556213017755,
      "sign_accuracy": 0.45299556213017755,
      "f1_score": 0.6029632404178861,
      "uncertainty_rate": 0.5470044378698226,
      "mse": 0.5470044378698226,
      "mae": 0.5470044378698226,
      "adder_name": "strong_kleene_full_adder"
    },
    "quasi": {
      "vector_accuracy": 0.3381656804733728,
      "trit_accuracy": 0.8042899408284023,
      "sign_accuracy": 0.8042899408284023,
      "f1_score": 0.8053130513691868,
      "uncertainty_rate": 0.0,
      "mse": 0.7828402366863905,
      "mae": 0.39142011834319523,
      "adder_name": "map_quasi_adder"
    },
    "adder_0": {
      "vector_accuracy": 0.5874260355029586,
      "trit_accuracy": 0.8401627218934913,
      "sign_accuracy": 0.8401627218934913,
      "f1_score": 0.8434968592932099,
      "uncertainty_rate": 0.0,
      "mse": 0.6393491124260354,
      "mae": 0.3196745562130177,
      "adder_name": "full_adder"
    },
    "adder_1": {
      "vector_accuracy": 0.17928994082840238,
      "trit_accuracy": 0.459319526627219,
      "sign_accuracy": 0.459319526627219,
      "f1_score": 0.6098560016861014,
      "uncertainty_rate": 0.5406804733727811,
      "mse": 0.5406804733727811,
      "mae": 0.5406804733727811,
      "adder_name": "full_adder"
    },
    "adder_2": {
      "vector_accuracy": 0.4036982248520711,
      "trit_accuracy": 0.7651997041420119,
      "sign_accuracy": 0.7651997041420119,
      "f1_score": 0.7540039381009918,
      "uncertainty_rate": 0.0,
      "mse": 0.9392011834319527,
      "mae": 0.46960059171597635,
      "adder_name": "full_adder"
    },
    "adder_3": {
      "vector_accuracy": 0.40443786982248514,
      "trit_accuracy": 0.7654215976331362,
      "sign_accuracy": 0.7654215976331362,
      "f1_score": 0.7544903468143505,
      "uncertainty_rate": 0.0,
      "mse": 0.9383136094674558,
      "mae": 0.4691568047337279,
      "adder_name": "full_adder"
    },
    "adder_4": {
      "vector_accuracy": 0.2794378698224852,
      "trit_accuracy": 0.687758875739645,
      "sign_accuracy": 0.687758875739645,
      "f1_score": 0.7874515361050218,
      "uncertainty_rate": 0.26616124260355023,
      "mse": 0.45048076923076924,
      "mae": 0.3583210059171597,
      "adder_name": "full_adder"
    },
    "adder_5": {
      "vector_accuracy": 0.3931952662721894,
      "trit_accuracy": 0.7619452662721893,
      "sign_accuracy": 0.7619452662721893,
      "f1_score": 0.7500257962184084,
      "uncertainty_rate": 0.0,
      "mse": 0.9522189349112427,
      "mae": 0.4761094674556213,
      "adder_name": "full_adder"
    }
  },
  "0.5": {
    "pessimistic-opti": {
      "vector_accuracy": 0.3383136094674556,
      "trit_accuracy": 0.7876849112426036,
      "sign_accuracy": 0.7876849112426036,
      "f1_score": 0.7766584338225561,
      "uncertainty_rate": 0.0,
      "mse": 0.8492603550295857,
      "mae": 0.4246301775147929,
      "adder_name": "full_op_adder"
    },
    "kleene_strong": {
      "vector_accuracy": 0.036686390532544376,
      "trit_accuracy": 0.24293639053254434,
      "sign_accuracy": 0.24293639053254434,
      "f1_score": 0.37323782700657293,
      "uncertainty_rate": 0.7570636094674557,
      "mse": 0.7570636094674557,
      "mae": 0.7570636094674557,
      "adder_name": "strong_kleene_full_adder"
    },
    "quasi": {
      "vector_accuracy": 0.1328402366863905,
      "trit_accuracy": 0.752034023668639,
      "sign_accuracy": 0.752034023668639,
      "f1_score": 0.7479900838157795,
      "uncertainty_rate": 0.0,
      "mse": 0.9918639053254438,
      "mae": 0.4959319526627219,
      "adder_name": "map_quasi_adder"
    },
    "adder_0": {
      "vector_accuracy": 0.5504437869822485,
      "trit_accuracy": 0.8410872781065087,
      "sign_accuracy": 0.8410872781065087,
      "f1_score": 0.8454215510651222,
      "uncertainty_rate": 0.0,
      "mse": 0.6356508875739644,
      "mae": 0.3178254437869822,
      "adder_name": "full_adder"
    },
    "adder_1": {
      "vector_accuracy": 0.029437869822485207,
      "trit_accuracy": 0.23420857988165683,
      "sign_accuracy": 0.23420857988165683,
      "f1_score": 0.3616008795487323,
      "uncertainty_rate": 0.7657914201183432,
      "mse": 0.7657914201183432,
      "mae": 0.7657914201183432,
      "adder_name": "full_adder"
    },
    "adder_2": {
      "vector_accuracy": 0.18565088757396447,
      "trit_accuracy": 0.7028846153846153,
      "sign_accuracy": 0.7028846153846153,
      "f1_score": 0.6732027047634414,
      "uncertainty_rate": 0.0,
      "mse": 1.1884615384615382,
      "mae": 0.5942307692307691,