{
  "0.1": {
    "pessimistic-opti": {
      "vector_accuracy": 0.6634319526627219,
      "trit_accuracy": 0.873801775147929,
      "sign_accuracy": 0.873801775147929,
      "f1_score": 0.872430401073352,
      "uncertainty_rate": 0.0,
      "mse": 0.504792899408284,
      "mae": 0.252396449704142,
      "adder_name": "full_op_adder"
    },
    "kleene_strong": {
      "vector_accuracy": 0.5307544378698223,
      "trit_accuracy": 0.6477884615384616,
      "sign_accuracy": 0.6477884615384616,
      "f1_score": 0.7834562455234548,
      "uncertainty_rate": 0.35221153846153846,
      "mse": 0.35221153846153846,
      "mae": 0.35221153846153846,
      "adder_name": "strong_kleene_full_adder"
    },
    "quasi": {
      "vector_accuracy": 0.7002366863905326,
      "trit_accuracy": 0.8586908284023668,
      "sign_accuracy": 0.8586908284023668,
      "f1_score": 0.8573105243867496,
      "uncertainty_rate": 0.0,
      "mse": 0.5652366863905327,
      "mae": 0.28261834319526635,
      "adder_name": "map_quasi_adder"
    },
    "Super_Pessimistic_Optimistic": {
      "vector_accuracy": 0.7988017751479287,
      "trit_accuracy": 0.9079142011834321,
      "sign_accuracy": 0.9079142011834321,
      "f1_score": 0.9076426004216543,
      "uncertainty_rate": 0.0,
      "mse": 0.3683431952662721,
      "mae": 0.18417159763313606,
      "adder_name": "full_adder"
    },
    "Collapsible": {
      "vector_accuracy": 0.7002366863905326,
      "trit_accuracy": 0.8586908284023668,
      "sign_accuracy": 0.8586908284023668,
      "f1_score": 0.8573105243867496,
      "uncertainty_rate": 0.0,
      "mse": 0.5652366863905327,
      "mae": 0.28261834319526635,
      "adder_name": "full_adder"
    },
    "Triangular": {
      "vector_accuracy": 0.5655177514792898,
      "trit_accuracy": 0.7816642011834317,
      "sign_accuracy": 0.7816642011834317,
      "f1_score": 0.8658337197576468,
      "uncertainty_rate": 0.20066568047337274,
      "mse": 0.2713461538461539,
      "mae": 0.2360059171597633,
      "adder_name": "full_adder"
    },
    "Bi-Triangular": {
      "vector_accuracy": 0.7002366863905326,
      "trit_accuracy": 0.8586908284023668,
      "sign_accuracy": 0.8586908284023668,
      "f1_score": 0.8573105243867496,
      "uncertainty_rate": 0.0,
      "mse": 0.5652366863905327,
      "mae": 0.28261834319526635,
      "adder_name": "full_adder"
    }
  },
  "0.3": {
    "pessimistic-opti": {
      "vector_accuracy": 0.3204733727810649,
      "trit_accuracy": 0.7483801775147932,
      "sign_accuracy": 0.7483801775147932,
      "f1_score": 0.7382435615788241,
      "uncertainty_rate": 0.0,
      "mse": 1.0064792899408284,
      "mae": 0.5032396449704142,
      "adder_name": "full_op_adder"
    },
    "kleene_strong": {
      "vector_accuracy": 0.12035502958579881,
      "trit_accuracy": 0.24790310650887573,
      "sign_accuracy": 0.24790310650887573,
      "f1_score": 0.3885232025652372,
      "uncertainty_rate": 0.7520968934911245,
      "mse": 0.7520968934911245,
      "mae": 0.7520968934911245,
      "adder_name": "strong_kleene_full_adder"
    },
    "quasi": {
      "vector_accuracy": 0.3576775147928996,
      "trit_accuracy": 0.7161723372781066,
      "sign_accuracy": 0.7161723372781066,
      "f1_score": 0.7066732689848174,
      "uncertainty_rate": 0.0,
      "mse": 1.1353106508875739,
      "mae": 0.5676553254437869,
      "adder_name": "map_quasi_adder"
    },
    "Super_Pessimistic_Optimistic": {
      "vector_accuracy": 0.5555325443786979,
      "trit_accuracy": 0.8134726331360946,
      "sign_accuracy": 0.8134726331360946,
      "f1_score": 0.8120911955395799,
      "uncertainty_rate": 0.0,
      "mse": 0.7461094674556211,
      "mae": 0.37305473372781056,
      "adder_name": "full_adder"
    },
    "Collapsible": {
      "vector_accuracy": 0.3576775147928996,
      "trit_accuracy": 0.7161723372781066,
      "sign_accuracy": 0.7161723372781066,
      "f1_score": 0.7066732689848174,
      "uncertainty_rate": 0.0,
      "mse": 1.1353106508875739,
      "mae": 0.5676553254437869,
      "adder_name": "full_adder"
    },
    "Triangular": {
      "vector_accuracy": 0.25241124260355036,
      "trit_accuracy": 0.6221005917159763,
      "sign_accuracy": 0.6221005917159763,
      "f1_score": 0.7293621984591706,
      "uncertainty_rate": 0.31694526627218933,
      "mse": 0.5607618343195269,
      "mae": 0.43885355029585804,
      "adder_name": "full_adder"
    },
    "Bi-Triangular": {
      "vector_accuracy": 0.3576775147928996,
      "trit_accuracy": 0.7161723372781066,
      "sign_accuracy": 0.7161723372781066,
      "f1_score": 0.7066732689848174,
      "uncertainty_rate": 0.0,
      "mse": 1.1353106508875739,
      "mae": 0.5676553254437869,
      "adder_name": "full_adder"
    }
  },
  "0.5": {
    "pessimistic-opti": {
      "vector_accuracy": 0.19372781065088765,
      "trit_accuracy": 0.6975295857988167,
      "sign_accuracy": 0.6975295857988167,
      "f1_score": 0.6754133744792397,
      "uncertainty_rate": 0.0,
      "mse": 1.209881656804734,
      "mae": 0.604940828402367,
      "adder_name": "full_op_adder"
    },
    "kleene_strong": {
      "vector_accuracy": 0.015295857988165677,
      "trit_accuracy": 0.07475961538461538,
      "sign_accuracy": 0.07475961538461538,
      "f1_score": 0.13559866871319629,
      "uncertainty_rate": 0.9252403846153843,
      "mse": 0.9252403846153843,
      "mae": 0.9252403846153843,
      "adder_name": "strong_kleene_full_adder"
    },
    "quasi": {
      "vector_accuracy": 0.18883136094674563,
      "trit_accuracy": 0.6624186390532547,
      "sign_accuracy": 0.6624186390532547,
      "f1_score": 0.640634301079486,
      "uncertainty_rate": 0.0,
      "mse": 1.3503254437869818,
      "mae": 0.6751627218934909,
      "adder_name": "map_quasi_adder"
    },
    "Super_Pessimistic_Optimistic": {
      "vector_accuracy": 0.43069526627218907,
      "trit_accuracy": 0.7850000000000003,
      "sign_accuracy": 0.7850000000000003,
      "f1_score": 0.7825717616315129,
      "uncertainty_rate": 0.0,
      "mse": 0.8599999999999999,
      "mae": 0.42999999999999994,
      "adder_name": "full_adder"
    },
    "Collapsible": {
      "vector_accuracy": 0.18883136094674563,
      "trit_accuracy": 0.6624186390532547,
      "sign_accuracy": 0.6624186390532547,
      "f1_score": 0.640634301079486,
      "uncertainty_rate": 0.0,
      "mse": 1.3503254437869818,
      "mae": 0.6751627218934909,
      "adder_name": "full_adder"
    },
    "Triangular": {
      "vector_accuracy": 0.2014644970414202,
      "trit_accuracy": 0.5964053254437871,
      "sign_accuracy": 0.5964053254437871,
      "f1_score": 0.7068338225045472,
      "uncertainty_rate": 0.3355584319526628,
      "mse": 0.607703402366864,
      "mae": 0.4716309171597634,
      "adder_name": "full_adder"
    },
    "Bi-Triangular": {
      "vector_accuracy": 0.18883136094674563,
      "trit_accuracy": 0.6624186390532547,
      "sign_accuracy": 0.6624186390532547,
      "f1_score": 0.640634301079486,
      "uncertainty_rate": 0.0,
      "mse": 1.3503254437869818,
      "mae": 0.6751627218934909,
      "adder_name": "full_adder"
    }
  }
}