{
  "Strong-Kleene": {
    "min": {
      "count": 523264,
      "avg": 136.01211052164874,
      "max": 510.0,
      "var": 27261.187955325844,
      "std": 165.10962405421995
    },
    "max": {
      "count": 523264,
      "avg": 128.48905906005382,
      "max": 511.0,
      "var": 24792.001080454833,
      "std": 157.4547588371175
    },
    "mid": {
      "count": 523264,
      "avg": 126.5915962114726,
      "max": 510.5,
      "var": 25780.964205229444,
      "std": 160.5645172671392
    }
  },
  "Sobocinski": {
    "min": {
      "count": 523264,
      "avg": 127.0388905026908,
      "max": 510.0,
      "var": 25958.87889206647,
      "std": 161.11759336604575
    },
    "max": {
      "count": 523264,
      "avg": 127.48443997676125,
      "max": 636.0,
      "var": 26552.07791728514,
      "std": 162.9480835029524
    },
    "mid": {
      "count": 523264,
      "avg": 126.56549084209882,
      "max": 510.0,
      "var": 26301.858799180398,
      "std": 162.1784782243945
    }
  },
  "Bochvar external": {
    "min": {
      "count": 523264,
      "avg": 130.0163015227495,
      "max": 765.0,
      "var": 26660.467750405176,
      "std": 163.2803348551355
    },
    "max": {
      "count": 523264,
      "avg": 130.98447055406066,
      "max": 765.0,
      "var": 27768.303880656273,
      "std": 166.63824255151118
    },
    "mid": {
      "count": 523264,
      "avg": 129.92914475293543,
      "max": 637.5,
      "var": 27233.011051726968,
      "std": 165.0242741287686
    }
  },
  "Sette": {
    "min": {
      "count": 523264,
      "avg": 127.5575311888454,
      "max": 1020.0,
      "var": 25891.71030317601,
      "std": 160.9090124982936
    },
    "max": {
      "count": 523264,
      "avg": 127.26457390533268,
      "max": 636.0,
      "var": 26643.634065900573,
      "std": 163.22877830180735
    },
    "mid": {
      "count": 523264,
      "avg": 126.80080609405577,
      "max": 765.0,
      "var": 26292.44832401998,
      "std": 162.14946291622425
    }
  },
  "Lukasiewicz": {
    "min": {
      "count": 523264,
      "avg": 132.79577612830235,
      "max": 765.0,
      "var": 27067.25581546676,
      "std": 164.52129289385846
    },
    "max": {
      "count": 523264,
      "avg": 128.96505970217711,
      "max": 636.0,
      "var": 25977.900631777717,
      "std": 161.17661316635773
    },
    "mid": {
      "count": 523264,
      "avg": 127.59863663466243,
      "max": 510.0,
      "var": 26534.714238066015,
      "std": 162.89479499992015
    }
  },
  "Gaines-Rescher": {
    "min": {
      "count": 523264,
      "avg": 127.4156410530822,
      "max": 765.0,
      "var": 25952.005156531624,
      "std": 161.09626052932336
    },
    "max": {
      "count": 523264,
      "avg": 127.420495199364,
      "max": 636.0,
      "var": 26646.174547534865,
      "std": 163.23656008239962
    },
    "mid": {
      "count": 523264,
      "avg": 126.73389149645304,
      "max": 510.0,
      "var": 26342.597487542473,
      "std": 162.30402794614332
    }
  }
}