{
  "Strong Kleene": {
    "min": [
      0.0,
      2.882251082251082,
      5.474069360483615,
      7.862647262647263,
      10.039397676380865,
      11.934339148200534,
      13.475890661015114,
      14.60811941214842,
      15.293603228962818
    ],
    "max": [
      0.0,
      3.3264069264069263,
      6.477887368755965,
      9.476923076923077,
      12.308171610307003,
      14.891089108910892,
      17.1437587983231,
      19.00280112044818,
      20.41780821917808
    ],
    "mid": [
      0.0,
      0.3891774891774892,
      0.8573019408208717,
      1.3666666666666667,
      1.9113714545336535,
      2.4834983498349836,
      3.0751125411877545,
      3.6797014696289474,
      4.292515823752447
    ]
  },
  "\u0141ukasiewicz": {
    "min": [
      0.0,
      2.2181818181818183,
      3.8211899459115495,
      5.2992376992376995,
      6.678652560524437,
      7.924941065535125,
      9.000077347895363,
      9.874490618165074,
      10.526873624021526
    ],
    "max": [
      0.0,
      2.2722943722943723,
      3.9613426662424436,
      5.547401247401248,
      7.057603686635945,
      8.453512494106553,
      9.691791841343997,
      10.73829476996278,
      11.569635977250488
    ],
    "mid": [
      0.0,
      0.3333333333333333,
      0.7142857142857143,
      1.1333333333333333,
      1.5806451612903225,
      2.0476190476190474,
      2.52755905511811,
      3.015686274509804,
      3.50880626223092
    ]
  },
  "Soboci\u0144ski": {
    "min": [
      0.0,
      0.554978354978355,
      1.2029907731466751,
      1.9494109494109495,
      2.776984487570585,
      3.664969354078265,
      4.594789845768297,
      5.55201258585626,
      6.526418786692759
    ],
    "max": [
      0.0,
      0.3333333333333333,
      0.6939230034998409,
      1.0889812889812889,
      1.5152203543843707,
      1.966148043375766,
      2.434927215630463,
      2.9157668546870803,
      3.4043427409491196
    ],
    "mid": [
      0.0,
      0.38831168831168833,
      0.7847597836461979,
      1.2408177408177408,
      1.7488479262672811,
      2.296668238252397,
      2.8726776294417027,
      3.467491654195925,
      4.074268438111546
    ]
  },
  "Bochvar external": {
    "min": [
      0.0,
      0.6666666666666666,
      1.4285714285714286,
      2.2666666666666666,
      3.161290322580645,
      4.095238095238095,
      5.05511811023622,
      6.031372549019608,
      7.01761252446184
    ],
    "max": [
      0.0,
      0.2774891774891775,
      0.6014953865733376,
      0.9747054747054748,
      1.3884922437852925,
      1.8324846770391325,
      2.2973949228841484,
      2.77600629292813,
      3.2632093933463797
    ],
    "mid": [
      0.0,
      0.44415584415584414,
      0.8975501113585747,
      1.3994455994455994,
      1.9410008437723112,
      2.511802608832312,
      3.102841761675665,
      3.707171635777599,
      4.319865306996086
    ]
  },
  "Sette": {
    "min": [
      0.0,
      0.7783549783549784,
      1.654152083996182,
      2.583922383922384,
      3.5455961575907056,
      4.525506836397925,
      5.515446374704144,
      6.510732512182956,
      7.5088062622309195
    ],
    "max": [
      0.0,
      0.3333333333333333,
      0.6939230034998409,
      1.0889812889812889,
      1.5152203543843707,
      1.966148043375766,
      2.434927215630463,
      2.9157668546870803,
      3.4043427409491196
    ],
    "mid": [
      0.0,
      0.5558441558441558,
      1.1027680559974546,
      1.6767844767844768,
      2.2681897838644773,
      2.8719157630048717,
      3.483780146342218,
      4.100963124976018,
      4.721547822896282
    ]
  },
  "Gaines-Rescher": {
    "min": [
      0.0,
      0.6666666666666666,
      1.4285714285714286,
      2.2666666666666666,
      3.161290322580645,
      4.095238095238095,
      5.05511811023622,
      6.031372549019608,
      7.01761252446184
    ],
    "max": [
      0.0,
      0.2774891774891775,
      0.6014953865733376,
      0.9747054747054748,
      1.3884922437852925,
      1.8324846770391325,
      2.2973949228841484,
      2.77600629292813,
      3.2632093933463797
    ],
    "mid": [
      0.0,
      0.44415584415584414,
      0.8975501113585747,
      1.3994455994455994,
      1.9410008437723112,
      2.511802608832312,
      3.102841761675665,
      3.707171635777599,
      4.319865306996086
    ]
  }
}