Uncertainty Level,Avg Error Naive,SD Error Naive,Avg Error SK,SD Error SK,Avg Error Sobo,SD Error Sobo,Avg Error Luka,SD Error Luka,Avg Error Bochvar,SD Error Bochvar,Avg Error Sette,SD Error Sette,Avg Error Gaines,SD Error Gaines
0,0.0,0.0,0.0,0.0,0.0,0.0,0.0,0.0,0.0,0.0,0.0,0.0,0.0,0.0
5,6.848140321217244,2.2688906845768737,481.634091293322,45.562650919595306,11.86230769230769,5.899771836971395,172.75092561284865,85.9647542087778,5.953136094674558,1.9951431260874881,11.34513102282333,6.002457241133363,11.337430262045645,6.005598572169456
10,13.964057480980555,4.748919658585445,493.838562975486,27.08779579267654,27.731141166525788,14.69073980171951,185.3068089602705,92.32693105159734,12.117396449704144,5.128398999965832,25.929467455621303,15.10113333062033,26.23342349957735,14.990553507990033
15,21.37024513947591,7.424714651279326,497.4442138630601,20.069011610660596,41.81966187658496,22.294871618971015,197.6500084530854,99.30703551023007,18.927540152155537,7.5655882192014365,39.02633981403212,22.94564760404415,39.529391377852924,22.76172613740508
20,28.541969568892647,10.172630935213705,497.81505917159774,15.73023409250736,53.768393913778525,29.27380871158286,208.31097633136096,104.30234799495527,25.30147083685545,8.99655448211754,50.18009298393913,30.189374243740886,50.85011834319527,29.932477147985903
25,35.266382079459,12.671316056230957,497.4499366018597,12.021405285537393,63.643288250211334,35.030556448505294,220.98755283178357,109.12554089685845,31.636136939983096,10.82268366841452,59.315832628909554,36.249243813133134,60.117489433643264,35.923733010858726
30,42.33459847844463,15.126211629693719,496.6271766694843,9.583834682072574,72.09023668639053,39.487215075975875,232.5660650887574,111.80483649255984,38.22235841081995,12.85688811552835,67.41764158918005,40.87404603343932,68.32369399830938,40.500305530759995
31,43.71077768385461,15.827983905843148,496.34101437024515,9.314891266041295,73.62648351648353,40.264751542148765,234.64172865595944,112.1779555644069,39.244649196956885,13.149054914035855,68.91573119188504,41.67693207286119,69.79370245139476,41.30742169144108
