{
  "mean": {
    "Strong Kleene": {
      "min": [
        0.0,
        2.548917748917749,
        4.8870505886096085,
        7.043104643104643,
        8.989160771078081,
        10.64956781392425,
        11.951920548241882,
        12.841748206131768,
        13.282778864970647
      ],
      "max": [
        0.0,
        2.6606060606060606,
        5.071269487750556,
        7.261399861399862,
        9.223794379178296,
        10.892189218921892,
        12.198490169082499,
        13.090280495759949,
        13.53228962818004
      ],
      "mid": [
        0.0,
        0.05584415584415584,
        0.21428571428571427,
        0.40187110187110187,
        0.6095605893425067,
        0.8319189061763319,
        1.0644540012066273,
        1.3036836652469206,
        1.5471272627201567
      ]
    },
    "\u0141ukasiewicz": {
      "min": [
        0.0,
        1.8848484848484848,
        3.1578110085905187,
        4.273458073458073,
        5.265204127993769,
        6.106082036775106,
        6.76374858840091,
        7.2127930624304515,
        7.4360781555773
      ],
      "max": [
        0.0,
        1.8848484848484848,
        3.1578110085905187,
        4.273458073458073,
        5.265204127993769,
        6.106082036775106,
        6.76374858840091,
        7.2127930624304515,
        7.4360781555773
      ],
      "mid": [
        0.0,
        0.0,
        0.0,
        0.0,
        0.0,
        0.0,
        0.0,
        0.0,
        0.0
      ]
    },
    "Soboci\u0144ski": {
      "min": [
        0.0,
        0.22164502164502164,
        0.4887050588609609,
        0.8160776160776161,
        1.1963393262802622,
        1.6173503064592174,
        2.0672307906501866,
        2.5363263113464565,
        3.0176125244618395
      ],
      "max": [
        0.0,
        0.44502164502164504,
        0.9398663697104677,
        1.4505890505890506,
        1.9649509963003828,
        2.4778877887788777,
        2.9878873195860343,
        3.4950462376731513,
        4.0
      ],
      "mid": [
        0.0,
        0.3333333333333333,
        0.5513840279987273,
        0.7785169785169785,
        1.0115531901083923,
        1.249002043061449,
        1.4902309608155562,
        1.7345075016307894,
        1.9810267857142858
      ]
    },
    "Bochvar external": {
      "min": [
        0.0,
        0.3333333333333333,
        0.7142857142857143,
        1.1333333333333333,
        1.5806451612903225,
        2.0476190476190474,
        2.52755905511811,
        3.015686274509804,
        3.50880626223092
      ],
      "max": [
        0.0,
        0.3333333333333333,
        0.7142857142857143,
        1.1333333333333333,
        1.5806451612903225,
        2.0476190476190474,
        2.52755905511811,
        3.015686274509804,
        3.50880626223092
      ],
      "mid": [
        0.0,
        0.22164502164502164,
        0.4072542157174674,
        0.6031878031878032,
        0.8141753748296229,
        1.038000942951438,
        1.2712281298825858,
        1.5107939066037375,
        1.75440313111546
      ]
    },
    "Sette": {
      "min": [
        0.0,
        0.44502164502164504,
        0.9398663697104677,
        1.4505890505890506,
        1.9649509963003828,
        2.4778877887788777,
        2.9878873195860343,
        3.4950462376731513,
        4.0
      ],
      "max": [
        0.0,
        0.22164502164502164,
        0.4887050588609609,
        0.8160776160776161,
        1.1963393262802622,
        1.6173503064592174,
        2.0672307906501866,
        2.5363263113464565,
        3.0176125244618395
      ],
      "mid": [
        0.0,
        0.3333333333333333,
        0.5513840279987273,
        0.7785169785169785,
        1.0115531901083923,
        1.249002043061449,
        1.4902309608155562,
        1.7345075016307894,
        1.9810267857142858
      ]
    },
    "Gaines-Rescher": {
      "min": [
        0.0,
        0.3333333333333333,
        0.7142857142857143,
        1.1333333333333333,
        1.5806451612903225,
        2.0476190476190474,
        2.52755905511811,
        3.015686274509804,
        3.50880626223092
      ],
      "max": [
        0.0,
        0.3333333333333333,
        0.7142857142857143,
        1.1333333333333333,
        1.5806451612903225,
        2.0476190476190474,
        2.52755905511811,
        3.015686274509804,
        3.50880626223092
      ],
      "mid": [
        0.0,
        0.22164502164502164,
        0.4072542157174674,
        0.6031878031878032,
        0.8141753748296229,
        1.038000942951438,
        1.2712281298825858,
        1.5107939066037375,
        1.75440313111546
      ]
    }
  },
  "std": {
    "Strong Kleene": {
      "min": [
        0.0,
        15.519628296615103,
        21.991747092295288,
        26.983636617554833,
        31.141029064074267,
        34.57027000894716,
        37.21406497895863,
        38.95695535378419,
        39.784365898788835
      ],
      "max": [
        0.0,
        15.55442776219408,
        22.03935995199179,
        27.038247081635955,
        31.20098009706375,
        34.634407346091855,
        37.28129260894562,
        39.0262609791067,
        39.85465808998907
      ],
      "mid": [
        0.0,
        0.15749129556941094,
        0.40377969701965605,
        0.7292070081425094,
        1.2034831246900113,
        1.8891397963695504,
        2.8669213462743133,
        4.24968666865096,
        6.197932864482716
      ]
    },
    "\u0141ukasiewicz": {
      "min": [
        0.0,
        12.750339435206183,
        17.016075999605555,
        20.34236237924561,
        23.107010852501322,
        25.316752417138343,
        26.88511021578285,
        27.733147591616053,
        28.009088649006475
      ],
      "max": [
        0.0,
        12.750339435206183,
        17.016075999605555,
        20.34236237924561,
        23.107010852501322,
        25.316752417138343,
        26.88511021578285,
        27.733147591616053,
        28.009088649006475
      ],
      "mid": [
        0.0,
        0.0,
        0.0,
        0.0,
        0.0,
        0.0,
        0.0,
        0.0,
        0.0
      ]
    },
    "Soboci\u0144ski": {
      "min": [
        0.0,
        0.41535347118448346,
        0.8106334806940392,
        1.4124942426996778,
        2.3233329228886785,
        3.6656490921423903,
        5.601816462411062,
        8.357476082219604,
        12.252428289797647
      ],
      "max": [
        0.0,
        0.685823595292913,
        1.3179823789961478,
        2.141952496784242,
        3.2318620644023945,
        4.694234575973371,
        6.689501606019947,
        9.452082304193173,
        13.316668483190297
      ],
      "mid": [
        0.0,
        0.3337659530265354,
        0.6420049626675705,
        1.0286317019869933,
        1.5382858411707943,
        2.232272301842468,
        3.197998627860026,
        4.557335295134538,
        6.479132135288879
      ]
    },
    "Bochvar external": {
      "min": [
        0.0,
        0.47140452079103173,
        0.9477989256740753,
        1.6334910187365308,
        2.616848668741017,
        4.01220383005098,
        5.979555189525469,
        8.746387233908914,
        12.636782763588567
      ],
      "max": [
        0.0,
        0.47140452079103173,
        0.9477989256740753,
        1.6334910187365308,
        2.616848668741017,
        4.01220383005098,
        5.979555189525469,
        8.746387233908914,
        12.636782763588567
      ],
      "mid": [
        0.0,
        0.24838678548282053,
        0.4479651749032186,
        0.7592284335750422,
        1.226981453773454,
        1.9083598715491386,
        2.882750601063935,
        4.2626509983114005,
        6.20845134377121
      ]
    },